﻿{
  "sEmptyTable": "Няма данни за визуализация",
  "sProcessing": "Обработка на резултатите...",
  "sLoadingRecords": "Зареждане...",
  "sLengthMenu": "Показване на _MENU_ резултата",
  "sZeroRecords": "Няма намерени резултати",
  "sInfo": "Резултати от _START_ до _END_ от общо _TOTAL_",
  "sInfoEmpty": "Резултати от 0 до 0 от общо 0",
  "sInfoFiltered": "(филтрирани от общо _MAX_ резултата)",
  "sInfoPostFix": "",
  "sInfoThousands": "",
  "sSearch": "",
  "decimal": ",",
  "oPaginate": {
    "sFirst": "Първа",
    "sPrevious": "Предишна",
    "sNext": "Следваща",
    "sLast": "Последна"
  },
  "oAria": {
    "sSortAscending": ": възходящо сортиране",
    "sSortDescending": ": низходящо сортиране"
  },
  "buttons": {
    "pageLength": {
      "_": " %d реда",
      "-1": "Всички редове"
    }
  }
}
